Workbook

Sheet Munka1
B1: Cikkszám | C1: FNév | D1: Kiszerelés (ml) | E1: Ár | F1: Szín
B2: A0001 | C2: Fehér Arany | D2: 100000 | E2: =E3*10 -> 300000 | F2: Fehér
B3: A0002 | C3: Fehér Arany | D3: 10000 | E3: =E4*10-E4 -> 30000 | F3: Fehér
B4: A0003 | C4: Fehér Arany | D4: 1000 | E4: =E5/0.75 -> 3333.3333 | F4: Fehér
B5: A0004 | C5: Fehér Arany | D5: 750 | E5: =Munka2!C2 -> 2500 | F5: Fehér
B6: A0005 | C6: Fehér Arany | D6: 500 | E6: =(E4-(E4/10))/2 -> 1500 | F6: Fehér
B7: A0006 | C7: Fehér Arany | D7: 300 | E7: =(E4-(E4/10))/3 -> 1000 | F7: Fehér
B8: A0007 | C8: Fehér Arany | D8: 100 | E8: =E4/10 -> 333.33333 | F8: Fehér
B9: A0008 | C9: Fehér Arany | D9: 10 | E9: =E8/10 -> 33.333333 | F9: Fehér
B10: A0009 | C10: Fehér Arany | D10: 1 | E10: =E9/10 -> 3.3333333 | F10: Fehér
B11: A0010 | C11: Vörös Rezes | D11: 100000 | E11: =E12*10 -> 216000 | F11: Vörös
B12: A0011 | C12: Vörös Rezes | D12: 10000 | E12: =E13*10-E13 -> 21600 | F12: Vörös
B13: A0012 | C13: Vörös Rezes | D13: 1000 | E13: =E14/0.75 -> 2400 | F13: Vörös
B14: A0013 | C14: Vörös Rezes | D14: 750 | E14: =Munka2!C3 -> 1800 | F14: Vörös
B15: A0014 | C15: Vörös Rezes | D15: 500 | E15: =(E13-(E13/10))/2 -> 1080 | F15: Vörös
B16: A0015 | C16: Vörös Rezes | D16: 300 | E16: =(E13-(E13/10))/3 -> 720 | F16: Vörös
B17: A0016 | C17: Vörös Rezes | D17: 100 | E17: =E13/10 -> 240 | F17: Vörös
B18: A0017 | C18: Vörös Rezes | D18: 10 | E18: =E17/10 -> 24 | F18: Vörös
B19: A0018 | C19: Vörös Rezes | D19: 1 | E19: =E18/10 -> 2.4 | F19: Vörös
B20: A0019 | C20: Rozé Rózsája | D20: 100000 | E20: =E21*10 -> 240000 | F20: Rozé
B21: A0020 | C21: Rozé Rózsája | D21: 10000 | E21: =E22*10-E22 -> 24000 | F21: Rozé
B22: A0021 | C22: Rozé Rózsája | D22: 1000 | E22: =E23/0.75 -> 2666.6667 | F22: Rozé
B23: A0022 | C23: Rozé Rózsája | D23: 750 | E23: =Munka2!C4 -> 2000 | F23: Rozé
B24: A0023 | C24: Rozé Rózsája | D24: 500 | E24: =(E22-(E22/10))/2 -> 1200 | F24: Rozé
B25: A0024 | C25: Rozé Rózsája | D25: 300 | E25: =(E22-(E22/10))/3 -> 800 | F25: Rozé
B26: A0025 | C26: Rozé Rózsája | D26: 100 | E26: =E22/10 -> 266.66667 | F26: Rozé
B27: A0026 | C27: Rozé Rózsája | D27: 10 | E27: =E26/10 -> 26.666667 | F27: Rozé
B28: A0027 | C28: Rozé Rózsája | D28: 1 | E28: =E27/10 -> 2.6666667 | F28: Rozé
B29: A0028 | C29: Józsi bácsi Koccintós | D29: 100000 | E29: =E30*10 -> 108000 | F29: Vegyes
B30: A0029 | C30: Józsi bácsi Koccintós | D30: 10000 | E30: =E31*10-E31 -> 10800 | F30: Vegyes
B31: A0030 | C31: Józsi bácsi Koccintós | D31: 1000 | E31: =E32/0.75 -> 1200 | F31: Vegyes
B32: A0031 | C32: Józsi bácsi Koccintós | D32: 750 | E32: =Munka2!C5 -> 900 | F32: Vegyes
B33: A0032 | C33: Józsi bácsi Koccintós | D33: 500 | E33: =(E31-(E31/10))/2 -> 540 | F33: Vegyes
B34: A0033 | C34: Józsi bácsi Koccintós | D34: 300 | E34: =(E31-(E31/10))/3 -> 360 | F34: Vegyes
B35: A0034 | C35: Józsi bácsi Koccintós | D35: 100 | E35: =E31/10 -> 120 | F35: Vegyes
B36: A0035 | C36: Józsi bácsi Koccintós | D36: 10 | E36: =E35/10 -> 12 | F36: Vegyes
B37: A0036 | C37: Józsi bácsi Koccintós | D37: 1 | E37: =E36/10 -> 1.2 | F37: Vegyes
B38: A0037 | C38: Don Perignon | D38: 100000 | E38: =E39*10 -> 11998800 | F38: Pezsgő
B39: A0038 | C39: Don Perignon | D39: 10000 | E39: =E40*10-E40 -> 1199880 | F39: Pezsgő
B40: A0039 | C40: Don Perignon | D40: 1000 | E40: =E41/0.75 -> 133320 | F40: Pezsgő
B41: A0040 | C41: Don Perignon | D41: 750 | E41: =Munka2!C6 -> 99990 | F41: Pezsgő
B42: A0041 | C42: Don Perignon | D42: 500 | E42: =(E40-(E40/10))/2 -> 59994 | F42: Pezsgő
B43: A0042 | C43: Don Perignon | D43: 300 | E43: =(E40-(E40/10))/3 -> 39996 | F43: Pezsgő
B44: A0043 | C44: Don Perignon | D44: 100 | E44: =E40/10 -> 13332 | F44: Pezsgő
B45: A0044 | C45: Don Perignon | D45: 10 | E45: =E44/10 -> 1333.2 | F45: Pezsgő
B46: A0045 | C46: Don Perignon | D46: 1 | E46: =E45/10 -> 133.32 | F46: Pezsgő
B47: A0046 | C47: Trockenbeerenauslese | D47: 100000 | E47: =E48*10 -> 3.264e+08 | F47: Fehér
B48: A0047 | C48: Trockenbeerenauslese | D48: 10000 | E48: =E49*10-E49 -> 32640000 | F48: Fehér
B49: A0048 | C49: Trockenbeerenauslese | D49: 1000 | E49: =E50/0.75 -> 3626666.7 | F49: Fehér
B50: A0049 | C50: Trockenbeerenauslese | D50: 750 | E50: =Munka2!C7 -> 2720000 | F50: Fehér
B51: A0050 | C51: Trockenbeerenauslese | D51: 500 | E51: =(E49-(E49/10))/2 -> 1632000 | F51: Fehér
B52: A0051 | C52: Trockenbeerenauslese | D52: 300 | E52: =(E49-(E49/10))/3 -> 1088000 | F52: Fehér
B53: A0052 | C53: Trockenbeerenauslese | D53: 100 | E53: =E49/10 -> 362666.67 | F53: Fehér
B54: A0053 | C54: Trockenbeerenauslese | D54: 10 | E54: =E53/10 -> 36266.667 | F54: Fehér
B55: A0054 | C55: Trockenbeerenauslese | D55: 1 | E55: =E54/10 -> 3626.6667 | F55: Fehér
B56: A0055 | C56: "07-es Birtok Eszencia" | D56: 100000 | E56: =E57*10 -> 59040000 | F56: Couve
B57: A0056 | C57: "07-es Birtok Eszencia" | D57: 10000 | E57: =E58*10-E58 -> 5904000 | F57: Couve
B58: A0057 | C58: "07-es Birtok Eszencia" | D58: 1000 | E58: =E59/0.75 -> 656000 | F58: Couve
B59: A0058 | C59: "07-es Birtok Eszencia" | D59: 750 | E59: =Munka2!C8 -> 492000 | F59: Couve
B60: A0059 | C60: "07-es Birtok Eszencia" | D60: 500 | E60: =(E58-(E58/10))/2 -> 295200 | F60: Couve
B61: A0060 | C61: "07-es Birtok Eszencia" | D61: 300 | E61: =(E58-(E58/10))/3 -> 196800 | F61: Couve
B62: A0061 | C62: "07-es Birtok Eszencia" | D62: 100 | E62: =E58/10 -> 65600 | F62: Couve
B63: A0062 | C63: "07-es Birtok Eszencia" | D63: 10 | E63: =E62/10 -> 6560 | F63: Couve
B64: A0063 | C64: "07-es Birtok Eszencia" | D64: 1 | E64: =E63/10 -> 656 | F64: Couve
B65: A0064 | C65: NEIDDMEGBOR | D65: 100000 | E65: =E66*10 -> 10800 | F65: Meghatározhatatlan
B66: A0065 | C66: NEIDDMEGBOR | D66: 10000 | E66: =E67*10-E67 -> 1080 | F66: Meghatározhatatlan
B67: A0066 | C67: NEIDDMEGBOR | D67: 1000 | E67: =E68/0.75 -> 120 | F67: Meghatározhatatlan
B68: A0067 | C68: NEIDDMEGBOR | D68: 750 | E68: =Munka2!C9 -> 90 | F68: Meghatározhatatlan
B69: A0068 | C69: NEIDDMEGBOR | D69: 500 | E69: =(E67-(E67/10))/2 -> 54 | F69: Meghatározhatatlan
B70: A0069 | C70: NEIDDMEGBOR | D70: 300 | E70: =(E67-(E67/10))/3 -> 36 | F70: Meghatározhatatlan
B71: A0070 | C71: NEIDDMEGBOR | D71: 100 | E71: =E67/10 -> 12 | F71: Meghatározhatatlan
B72: A0071 | C72: NEIDDMEGBOR | D72: 10 | E72: =E71/10 -> 1.2 | F72: Meghatározhatatlan
B73: A0072 | C73: NEIDDMEGBOR | D73: 1 | E73: =E72/10 -> 0.12 | F73: Meghatározhatatlan
B74: T0001 | C74: Boroshordó | D74: 100000 | E74: 5000 | F74: NINCS
B75: Z0001 | C75: Pohár | D75: 200 | E75: 50 | F75: NINCS

Sheet Munka2
B2: Fehér Arany | C2: 2500
B3: Vörös Rezes | C3: 1800
B4: Rozé Rózsája | C4: 2000
B5: Józsi bácsi Koccintós | C5: 900
B6: Don Perignon | C6: 99990
B7: Trockenbeerenauslese | C7: 2720000
B8: 2007-es Birtok Eszencia | C8: 492000
B9: NEIDDMEGBOR | C9: 90
